<?xml version="1.0" encoding="UTF-8"?>
<project-private xmlns="http://www.netbeans.org/ns/project-private/1">
    <editor-bookmarks xmlns="http://www.netbeans.org/ns/editor-bookmarks/2" lastBookmarkId="0"/>
    <open-files xmlns="http://www.netbeans.org/ns/projectui-open-files/2">
        <group>
            <file>file:/D:/ISIL/03%20ED/Material%203.0/Semana%2009/Programas/PryCalculadora/src/procesos/ExpresionAritmetica.java</file>
            <file>file:/D:/ISIL/03%20ED/Material%203.0/Semana%2009/Programas/PryCalculadora/src/ventanas/FrmPrincipal.java</file>
        </group>
    </open-files>
</project-private>
